snowmelt_mm,water_input_mm,surface_runoff_mm,effective_cn,infiltration_mm,discharge_m3s,base_flow_m3s,risk_level,timestamp,precipitation_mm,temperature_c
0.0,0.0,0,55.75221238938054,0.0,10.1,10.1,low,2024-01-01,1.4078042699305773,-3.985712889073423
0.0,0.0,0,72.4778761061947,0.0,10.1,10.1,low,2024-01-02,9.030364292752562,-6.365162209377813
0.0,0.0,0,55.75221238938054,0.0,10.1,10.1,low,2024-01-03,3.950237080636348,-4.146815259103275
0.0,0.0,0,72.4778761061947,0.0,10.1,10.1,low,2024-01-04,2.7388276613278597,-8.822991739006898
0.0,0.0,0,72.4778761061947,0.0,10.1,10.1,low,2024-01-05,0.5088746113870388,-9.650275156128895
0.0,0.0,0,55.75221238938054,0.0,10.1,10.1,low,2024-01-06,0.5087888757438155,-4.363127344772273
0.0,0.0,0,72.4778761061947,0.0,10.1,10.1,low,2024-01-07,0.17951630582604203,-6.042545493180917
0.0,0.0,0,72.4778761061947,0.0,10.1,10.1,low,2024-01-08,6.0336925934398185,-11.330848443271602
0.0,0.0,0,55.75221238938054,0.0,10.1,10.1,low,2024-01-09,2.7572464608817935,-0.9705646417196618
0.0,0.0,0,72.4778761061947,0.0,10.1,10.1,low,2024-01-10,3.693750185113771,-8.919498734249636
12.290511094812196,12.352909018809612,0.0,55.75221238938054,12.352909018809612,10.1,10.1,low,2024-01-11,0.062397923997415866,2.7312246877360433
0.0,0.0,0,72.4778761061947,0.0,10.1,10.1,low,2024-01-12,10.510672425474937,-6.848581503999199
0.0,0.0,0,55.75221238938054,0.0,10.1,10.1,low,2024-01-13,5.359288630064025,-3.755192892244337
0.009279400292409257,0.010017692965585773,0.0,55.75221238938054,0.010017692965585773,10.1,10.1,low,2024-01-14,0.716062875746841,0.0020620889538687237
0.0,0.0,0,55.75221238938054,0.0,10.1,10.1,low,2024-01-15,0.6020369662489901,-0.47496681992280365
4.8378423483524875,5.1645763888984355,0.0,55.75221238938054,5.1645763888984355,10.1,10.1,low,2024-01-16,0.6078342684967711,1.0750760774116639
0.0,0.0,0,72.4778761061947,0.0,10.1,10.1,low,2024-01-17,1.0882611883814315,-9.418216142951355
0.0,0.0,0,72.4778761061947,0.0,10.1,10.1,low,2024-01-18,2.2317834925825633,-8.217838128431538
0.0,0.0,0,55.75221238938054,0.0,10.1,10.1,low,2024-01-19,1.6966112003410099,-4.0891154289992935
0.0,0.0,0,55.75221238938054,0.0,10.1,10.1,low,2024-01-20,1.0326689776618245,-2.2003547403809973
0.0,0.0,0,55.75221238938054,0.0,10.1,10.1,low,2024-01-21,2.839112621699396,-4.701407452723766
0.0,0.0,0,72.4778761061947,0.0,10.1,10.1,low,2024-01-22,0.450703586182016,-9.525488934726475
0.0,0.0,0,55.75221238938054,0.0,10.1,10.1,low,2024-01-23,1.0365465360072068,-3.0612243508782098
0.0,0.0,0,72.4778761061947,0.0,10.1,10.1,low,2024-01-24,1.3688316546625412,-5.068853229524928
0.0,0.0,0,72.4778761061947,0.0,10.1,10.1,low,2024-01-25,1.826804063579325,-5.035663634952112
0.0,0.0,0,72.4778761061947,0.0,10.1,10.1,low,2024-01-26,4.613808033092736,-11.177373652310255
0.0,0.0,0,55.75221238938054,0.0,10.1,10.1,low,2024-01-27,0.6682075863860708,-1.873395130992359
0.0,0.0,0,55.75221238938054,0.0,10.1,10.1,low,2024-01-28,2.166087465099383,-3.7483336305507637
5.794437603548066,7.527949305721134,0.0,55.75221238938054,7.527949305721134,10.1,10.1,low,2024-01-29,2.692514163929282,1.2876528007884591
0.0,0.0,0,55.75221238938054,0.0,10.1,10.1,low,2024-01-30,0.14269154926922564,-4.231081371937395
0.0,0.0,0,55.75221238938054,0.0,10.1,10.1,low,2024-01-31,2.8059990619488304,-2.214104862130883
0.0,0.0,0,55.75221238938054,0.0,10.1,10.1,low,2024-02-01,0.5608837559322493,-1.3191147874337315
0.0,0.0,0,72.4778761061947,0.0,10.1,10.1,low,2024-02-02,0.20179179263791272,-8.950404498763579
19.10201691494358,28.02308029546437,0.0,55.75221238938054,28.02308029546437,10.1,10.1,low,2024-02-03,8.921063380520792,4.24489264776524
0.0,0.0,0,55.75221238938054,0.0,10.1,10.1,low,2024-02-04,10.111891027383518,-4.7868402085514985
0.0,0.0,0,55.75221238938054,0.0,10.1,10.1,low,2024-02-05,4.95699471843863,-1.896020390465774
0.0,0.0,0,55.75221238938054,0.0,10.1,10.1,low,2024-02-06,1.0898635799062748,-1.339266628302999
0.0,0.0,0,72.4778761061947,0.0,10.1,10.1,low,2024-02-07,0.3083319450075187,-5.582727961134536
11.380930530294856,14.839182819590842,0.0,55.75221238938054,14.839182819590842,10.1,10.1,low,2024-02-08,3.4582522892959853,2.5290956733988574
0.0,0.0,0,55.75221238938054,0.0,10.1,10.1,low,2024-02-09,1.740272527756195,-2.0835935660737457
0.0,0.0,0,55.75221238938054,0.0,10.1,10.1,low,2024-02-10,0.3904567018633459,-3.387674283634918
0.0,0.0,0,55.75221238938054,0.0,10.1,10.1,low,2024-02-11,2.0506416844024504,-2.193752197351847
0.0,0.0,0,55.75221238938054,0.0,10.1,10.1,low,2024-02-12,0.10498116433043725,-0.17480279966004852
0.0,0.0,0,55.75221238938054,0.0,10.1,10.1,low,2024-02-13,7.201268662179071,-2.289753805107113
2.127167307176866,2.339499571435324,0.0,55.75221238938054,2.339499571435324,10.1,10.1,low,2024-02-14,0.8983733305220583,0.4727038460393036
0.0,0.0,0,72.4778761061947,0.0,10.1,10.1,low,2024-02-15,3.258767395694941,-7.075032739523366
0.0,0.0,0,55.75221238938054,0.0,10.1,10.1,low,2024-02-16,1.120639744972871,-4.108094820831128
0.0,0.0,0,72.4778761061947,0.0,10.1,10.1,low,2024-02-17,2.2023326877276856,-8.12083871048958
20.024109302713967,22.39778069665936,0.0,55.75221238938054,22.39778069665936,10.1,10.1,low,2024-02-18,2.3736713939453926,4.44980206726977
20.59825165144365,21.211417449967367,0.0,55.75221238938054,21.211417449967367,10.1,10.1,low,2024-02-19,0.6131657985237172,4.5773892558763665
3.038700992177816,6.576566492088257,0.0,55.75221238938054,6.576566492088257,10.1,10.1,low,2024-02-20,10.47842139820868,0.6752668871506258
0.0,0.0,0,55.75221238938054,0.0,10.1,10.1,low,2024-02-21,4.476736131414422,-4.069109557198876
28.417384089973286,36.83266734784803,0.0,55.75221238938054,36.83266734784803,10.1,10.1,low,2024-02-22,8.415283257874748,6.314974242216286
0.0,0.0,0,55.75221238938054,0.0,10.1,10.1,low,2024-02-23,6.756455992602589,-2.488092768621756
0.0,0.0,0,55.75221238938054,0.0,10.1,10.1,low,2024-02-24,2.733163237149825,-1.1314962864901987
0.7776391897672355,1.4384861440002306,0.0,55.75221238938054,1.4384861440002306,10.1,10.1,low,2024-02-25,7.648306137808215,0.17280870883716343
5.570520946032274,5.742567337653129,0.0,55.75221238938054,5.742567337653129,10.1,10.1,low,2024-02-26,0.2779663768593469,1.2378935435627276
9.03099839165451,9.685402475548312,0.0,55.75221238938054,9.685402475548312,10.1,10.1,low,2024-02-27,0.6544040838938023,2.00688853147878
10.450986736043847,10.589832633104342,0.0,55.75221238938054,10.589832633104342,10.1,10.1,low,2024-02-28,0.13884589706049585,2.3224414968986324
0.15724453763530694,0.17787146131330983,0.0,55.75221238938054,0.17787146131330983,10.1,10.1,low,2024-02-29,1.1805962604092604,0.034943230585623763
12.031207328957061,13.507598204339716,0.0,55.75221238938054,13.507598204339716,10.1,10.1,low,2024-03-01,1.4763908753826558,2.673601628657125
1.3735078640373481,1.518440616767505,0.0,55.75221238938054,1.518440616767505,10.1,10.1,low,2024-03-02,0.9496813296264771,0.30522396978607735
12.676545027923448,17.97021862364625,0.0,55.75221238938054,17.97021862364625,10.1,10.1,low,2024-03-03,5.293673595722802,2.817010006205211
9.465530187124797,10.789211185714407,0.0,55.75221238938054,10.789211185714407,10.1,10.1,low,2024-03-04,1.3236809985896105,2.779871231685311
0.0,0.9894085204027476,0.0,55.75221238938054,0.9894085204027476,10.1,10.1,low,2024-03-05,0.9894085204027476,3.7880155280275973
0.0,2.347221249623238,0.0,55.75221238938054,2.347221249623238,10.1,10.1,low,2024-03-06,2.347221249623238,3.6273703995486013
0.3183879426127572,0.4556944434618866,0.0,55.75221238938054,0.4556944434618866,10.1,10.1,low,2024-03-07,0.4556944434618866,0.6026253021916139
0.0,4.861450787324194,0.0,55.75221238938054,4.861450787324194,10.1,10.1,low,2024-03-08,4.861450787324194,3.524896404193784
0.0,0.23242760643392701,0.0,55.75221238938054,0.23242760643392701,10.1,10.1,low,2024-03-09,0.23242760643392701,4.330135055963092
0.0,0.0,0,55.75221238938054,0.0,10.1,10.1,low,2024-03-10,13.002439018761958,-1.2800064192457752
8.985866969565382,13.417348435210869,0.0,55.75221238938054,13.417348435210869,10.1,10.1,low,2024-03-11,4.438451328724534,1.9968593265700851
4.023541912275624,4.6881602337932815,0.0,55.75221238938054,4.6881602337932815,10.1,10.1,low,2024-03-12,0.6646183215176579,4.871087610112237
0.0,0.016612261127806425,0.0,55.75221238938054,0.016612261127806425,10.1,10.1,low,2024-03-13,0.016612261127806425,8.404437358082706
0.0,5.069690332458378,0.0,55.75221238938054,5.069690332458378,10.1,10.1,low,2024-03-14,5.069690332458378,5.983066670129734
0.0,3.6812877221611338,0.0,55.75221238938054,3.6812877221611338,10.1,10.1,low,2024-03-15,3.6812877221611338,9.059229921748035
0.0,3.916988726363997,0.0,55.75221238938054,3.916988726363997,10.1,10.1,low,2024-03-16,3.916988726363997,2.782559991379559
0.0,4.42564357813054,0.0,55.75221238938054,4.42564357813054,10.1,10.1,low,2024-03-17,4.42564357813054,4.965620383088822
0.0,0.23078779654138903,0.0,55.75221238938054,0.23078779654138903,10.1,10.1,low,2024-03-18,0.23078779654138903,6.871337755218259
0.0,0.0,0,55.75221238938054,0.0,10.1,10.1,low,2024-03-19,1.3316780172486975,-2.2841969731449048
1.3316780172486975,1.7011283310620464,0.0,55.75221238938054,1.7011283310620464,10.1,10.1,low,2024-03-20,0.369450313813349,9.469566160431878
0.0,0.0,0,55.75221238938054,0.0,10.1,10.1,low,2024-03-21,5.965588714974668,-0.40177456794940625
5.965588714974668,8.89449229011179,0.0,55.75221238938054,8.89449229011179,10.1,10.1,low,2024-03-22,2.928903575137122,8.417001834990874
0.0,1.205456403753903,0.0,55.75221238938054,1.205456403753903,10.1,10.1,low,2024-03-23,1.205456403753903,7.733258878418804
0.0,0.0,0,55.75221238938054,0.0,10.1,10.1,low,2024-03-24,0.19700419741434866,-1.0981513705562413
0.0,0.0,0,55.75221238938054,0.0,10.1,10.1,low,2024-03-25,1.117465051231061,-0.6974831975417963
1.3144692486454097,2.4944118881978037,0.0,55.75221238938054,2.4944118881978037,10.1,10.1,low,2024-03-26,1.179942639552394,10.717354262268266
0.0,3.9236273518732228,0.0,55.75221238938054,3.9236273518732228,10.1,10.1,low,2024-03-27,3.9236273518732228,10.315343483997161
0.0,12.761700356562205,0.0,55.75221238938054,12.761700356562205,10.1,10.1,low,2024-03-28,12.761700356562205,4.28084156850593
0.0,36.67260116983565,0.0,55.75221238938054,36.67260116983565,10.1,10.1,low,2024-03-29,36.67260116983565,4.5309626672191445
0.0,1.9171984001289295,0.0,87.34177215189874,1.9171984001289295,10.1,10.1,low,2024-03-30,1.9171984001289295,8.968417754406499
0.0,0.3821171808465057,0.0,75.0,0.3821171808465057,10.1,10.1,low,2024-03-31,0.3821171808465057,7.647135238570678
0.0,3.747379032949798,0.0,75.0,3.747379032949798,10.1,10.1,low,2024-04-01,3.747379032949798,11.104004065848372
0.0,4.291178259230592,0.0,75.0,4.291178259230592,10.1,10.1,low,2024-04-02,4.291178259230592,9.63562209980897
0.0,2.4716624846574864,0.0,75.0,2.4716624846574864,10.1,10.1,low,2024-04-03,2.4716624846574864,13.202566920158082
0.0,4.421669900164094,0.0,75.0,4.421669900164094,10.1,10.1,low,2024-04-04,4.421669900164094,11.620761352679484
0.0,2.042444194530834,0.0,75.0,2.042444194530834,10.1,10.1,low,2024-04-05,2.042444194530834,11.130282745386936
0.0,2.253828876199148,0.0,55.75221238938054,2.253828876199148,10.1,10.1,low,2024-04-06,2.253828876199148,8.169330830740172
0.0,1.7670472763609657,0.0,55.75221238938054,1.7670472763609657,10.1,10.1,low,2024-04-07,1.7670472763609657,8.20771212317328
0.0,0.22963261428318743,0.0,55.75221238938054,0.22963261428318743,10.1,10.1,low,2024-04-08,0.22963261428318743,9.586522703546578
0.0,0.5536310393294632,0.0,55.75221238938054,0.5536310393294632,10.1,10.1,low,2024-04-09,0.5536310393294632,15.522829209811624
0.0,0.365606657073704,0.0,55.75221238938054,0.365606657073704,10.1,10.1,low,2024-04-10,0.365606657073704,9.039376154168167
0.0,3.3635911961917966,0.0,55.75221238938054,3.3635911961917966,10.1,10.1,low,2024-04-11,3.3635911961917966,11.297911135563234
0.0,1.5190922872479344,0.0,55.75221238938054,1.5190922872479344,10.1,10.1,low,2024-04-12,1.5190922872479344,4.039886285226879
0.0,2.576598662258394,0.0,55.75221238938054,2.576598662258394,10.1,10.1,low,2024-04-13,2.576598662258394,13.05946259216704
0.0,7.647336742199985,0.0,55.75221238938054,7.647336742199985,10.1,10.1,low,2024-04-14,7.647336742199985,18.061066824341115
0.0,1.421860433603667,0.0,55.75221238938054,1.421860433603667,10.1,10.1,low,2024-04-15,1.421860433603667,8.745611133922749
0.0,2.204427274065508,0.0,55.75221238938054,2.204427274065508,10.1,10.1,low,2024-04-16,2.204427274065508,21.326447084870566
0.0,4.903582581471463,0.0,55.75221238938054,4.903582581471463,10.1,10.1,low,2024-04-17,4.903582581471463,12.605903395668932
0.0,1.5143036900263878,0.0,55.75221238938054,1.5143036900263878,10.1,10.1,low,2024-04-18,1.5143036900263878,4.595838585811185
0.0,1.0325363721036687,0.0,55.75221238938054,1.0325363721036687,10.1,10.1,low,2024-04-19,1.0325363721036687,11.412782442818429
0.0,1.8757450123618096,0.0,55.75221238938054,1.8757450123618096,10.1,10.1,low,2024-04-20,1.8757450123618096,16.814716337455913
0.0,1.4335980673873732,0.0,55.75221238938054,1.4335980673873732,10.1,10.1,low,2024-04-21,1.4335980673873732,19.0745191167787
0.0,8.927603622101294,0.0,55.75221238938054,8.927603622101294,10.1,10.1,low,2024-04-22,8.927603622101294,15.483118339817533
0.0,5.971709693885554,0.0,55.75221238938054,5.971709693885554,10.1,10.1,low,2024-04-23,5.971709693885554,18.282874752726155
0.0,4.085524145916542,0.0,55.75221238938054,4.085524145916542,10.1,10.1,low,2024-04-24,4.085524145916542,10.296942802265745
0.0,7.285275329820713,0.0,55.75221238938054,7.285275329820713,10.1,10.1,low,2024-04-25,7.285275329820713,12.038587601429859
0.0,6.069962468788649,0.0,55.75221238938054,6.069962468788649,10.1,10.1,low,2024-04-26,6.069962468788649,9.288858647203764
0.0,1.8605301300663495,0.0,55.75221238938054,1.8605301300663495,10.1,10.1,low,2024-04-27,1.8605301300663495,12.758629141868626
0.0,7.988104223088046,0.0,55.75221238938054,7.988104223088046,10.1,10.1,low,2024-04-28,7.988104223088046,17.104801884692463
0.0,3.6752000864627026,0.0,55.75221238938054,3.6752000864627026,10.1,10.1,low,2024-04-29,3.6752000864627026,15.700810781060758
0.0,6.345781623041712,0.0,55.75221238938054,6.345781623041712,10.1,10.1,low,2024-04-30,6.345781623041712,17.90868894263512
0.0,8.249885108062648,0.0,55.75221238938054,8.249885108062648,10.1,10.1,low,2024-05-01,8.249885108062648,12.736326090869886
0.0,2.658337933417252,0.0,75.0,2.658337933417252,10.1,10.1,low,2024-05-02,2.658337933417252,13.158376013218506
0.0,1.9124633997047304,0.0,55.75221238938054,1.9124633997047304,10.1,10.1,low,2024-05-03,1.9124633997047304,16.636150466664333
0.0,2.390825235062459,0.0,55.75221238938054,2.390825235062459,10.1,10.1,low,2024-05-04,2.390825235062459,14.449960623268804
0.0,3.3375376624833057,0.0,55.75221238938054,3.3375376624833057,10.1,10.1,low,2024-05-05,3.3375376624833057,20.39718139273675
0.0,6.828959571958043,0.0,55.75221238938054,6.828959571958043,10.1,10.1,low,2024-05-06,6.828959571958043,14.841183472973727
0.0,7.682102191941245,0.0,55.75221238938054,7.682102191941245,10.1,10.1,low,2024-05-07,7.682102191941245,15.467086334749025
0.0,1.8390694716152494,0.0,55.75221238938054,1.8390694716152494,10.1,10.1,low,2024-05-08,1.8390694716152494,18.437525843342286
0.0,4.012302935661517,0.0,55.75221238938054,4.012302935661517,10.1,10.1,low,2024-05-09,4.012302935661517,16.23876867721718
0.0,3.5374752017279008,0.0,55.75221238938054,3.5374752017279008,10.1,10.1,low,2024-05-10,3.5374752017279008,13.925230977169328
0.0,2.7185700888132827,0.0,55.75221238938054,2.7185700888132827,10.1,10.1,low,2024-05-11,2.7185700888132827,14.553166635986988
0.0,2.3959397915567067,0.0,55.75221238938054,2.3959397915567067,10.1,10.1,low,2024-05-12,2.3959397915567067,19.683375448295358
0.0,3.2958584341389177,0.0,55.75221238938054,3.2958584341389177,10.1,10.1,low,2024-05-13,3.2958584341389177,14.210395153828117
0.0,10.696119678478224,0.0,55.75221238938054,10.696119678478224,10.1,10.1,low,2024-05-14,10.696119678478224,22.6920196270132
0.0,3.323907057540052,0.0,55.75221238938054,3.323907057540052,10.1,10.1,low,2024-05-15,3.323907057540052,16.640806248901765
0.0,4.392475496707901,0.0,55.75221238938054,4.392475496707901,10.1,10.1,low,2024-05-16,4.392475496707901,20.76954775531563
0.0,5.885088091071938,0.0,55.75221238938054,5.885088091071938,10.1,10.1,low,2024-05-17,5.885088091071938,17.235915179637992
0.0,3.642796140240381,0.0,55.75221238938054,3.642796140240381,10.1,10.1,low,2024-05-18,3.642796140240381,16.584977086623915
0.0,13.033634891405738,0.0,55.75221238938054,13.033634891405738,10.1,10.1,low,2024-05-19,13.033634891405738,20.26979556022321
0.0,12.218947402802073,0.0,75.0,12.218947402802073,10.1,10.1,low,2024-05-20,12.218947402802073,22.88479381657242
0.0,3.285075880043113,0.0,75.0,3.285075880043113,10.1,10.1,low,2024-05-21,3.285075880043113,19.18241602105386
0.0,4.519128431730884,0.0,75.0,4.519128431730884,10.1,10.1,low,2024-05-22,4.519128431730884,19.920222221221803
0.0,3.5704727674195587,0.0,75.0,3.5704727674195587,10.1,10.1,low,2024-05-23,3.5704727674195587,22.728043591603406
0.0,3.5422213865909224,0.0,75.0,3.5422213865909224,10.1,10.1,low,2024-05-24,3.5422213865909224,23.013456656529378
0.0,2.6882651495084326,0.0,75.0,2.6882651495084326,10.1,10.1,low,2024-05-25,2.6882651495084326,20.5593741741674
0.0,5.435264108218226,0.0,55.75221238938054,5.435264108218226,10.1,10.1,low,2024-05-26,5.435264108218226,19.52422089698282
0.0,4.74684845105441,0.0,55.75221238938054,4.74684845105441,10.1,10.1,low,2024-05-27,4.74684845105441,21.279223222794876
0.0,2.8465588376877813,0.0,55.75221238938054,2.8465588376877813,10.1,10.1,low,2024-05-28,2.8465588376877813,20.631846841283302
0.0,3.7038028474948748,0.0,55.75221238938054,3.7038028474948748,10.1,10.1,low,2024-05-29,3.7038028474948748,22.313509582628992
0.0,9.925620288859307,0.0,55.75221238938054,9.925620288859307,10.1,10.1,low,2024-05-30,9.925620288859307,17.95841112272181
0.0,3.614913880807964,0.0,75.0,3.614913880807964,10.1,10.1,low,2024-05-31,3.614913880807964,22.53598250413787
0.0,3.2963918715054583,0.0,55.75221238938054,3.2963918715054583,10.1,10.1,low,2024-06-01,3.2963918715054583,19.709274602839415
0.0,4.876245039500754,0.0,55.75221238938054,4.876245039500754,10.1,10.1,low,2024-06-02,4.876245039500754,24.738079157091658
0.0,15.623321771017798,0.0,55.75221238938054,15.623321771017798,10.1,10.1,low,2024-06-03,15.623321771017798,20.155682336998872
0.0,3.753570647779029,0.0,75.0,3.753570647779029,10.1,10.1,low,2024-06-04,3.753570647779029,20.356818997963416
0.0,6.297660729896531,0.0,75.0,6.297660729896531,10.1,10.1,low,2024-06-05,6.297660729896531,23.80375586872234
0.0,7.283043270328625,0.0,75.0,7.283043270328625,10.1,10.1,low,2024-06-06,7.283043270328625,22.651911750965766
0.0,3.823681153869747,0.0,75.0,3.823681153869747,10.1,10.1,low,2024-06-07,3.823681153869747,29.57721125210943
0.0,6.945337833968119,0.0,75.0,6.945337833968119,10.1,10.1,low,2024-06-08,6.945337833968119,17.993551542474286
0.0,4.439168902289462,0.0,75.0,4.439168902289462,10.1,10.1,low,2024-06-09,4.439168902289462,23.341404161808185
0.0,30.828124618636902,1.9588308541075972,75.0,28.869293764529306,221.75378503813525,10.1,high,2024-06-10,30.828124618636902,26.527324032080756
0.0,6.125401878758074,0.0,87.34177215189874,6.125401878758074,10.1,10.1,low,2024-06-11,6.125401878758074,21.52607088036855
0.0,5.439807682657485,0.0,87.34177215189874,5.439807682657485,10.1,10.1,low,2024-06-12,5.439807682657485,20.648046662673586
0.0,3.444373190706817,0.0,87.34177215189874,3.444373190706817,10.1,10.1,low,2024-06-13,3.444373190706817,20.881869101844664
0.0,8.593317358356352,0.0,75.0,8.593317358356352,10.1,10.1,low,2024-06-14,8.593317358356352,18.769323653089288
0.0,4.363768109208035,0.0,75.0,4.363768109208035,10.1,10.1,low,2024-06-15,4.363768109208035,27.76103370471209
0.0,3.8426385826625005,0.0,75.0,3.8426385826625005,10.1,10.1,low,2024-06-16,3.8426385826625005,22.825717290330296
0.0,3.3672814309789505,0.0,75.0,3.3672814309789505,10.1,10.1,low,2024-06-17,3.3672814309789505,22.56904383428726
0.0,5.941816463364677,0.0,75.0,5.941816463364677,10.1,10.1,low,2024-06-18,5.941816463364677,17.63526420935336
0.0,6.673159399406785,0.0,75.0,6.673159399406785,10.1,10.1,low,2024-06-19,6.673159399406785,19.79671515174278
0.0,3.343936761444016,0.0,75.0,3.343936761444016,10.1,10.1,low,2024-06-20,3.343936761444016,28.58011507796442
0.0,5.46182338361713,0.0,75.0,5.46182338361713,10.1,10.1,low,2024-06-21,5.46182338361713,25.17516474272904
0.0,4.093599274479047,0.0,75.0,4.093599274479047,10.1,10.1,low,2024-06-22,4.093599274479047,27.8430248886539
0.0,6.4447103471030935,0.0,75.0,6.4447103471030935,10.1,10.1,low,2024-06-23,6.4447103471030935,27.536924077574003
0.0,3.9233718504705637,0.0,75.0,3.9233718504705637,10.1,10.1,low,2024-06-24,3.9233718504705637,21.484238223104
0.0,6.882426375595759,0.0,75.0,6.882426375595759,10.1,10.1,low,2024-06-25,6.882426375595759,31.840502013734515
0.0,4.836898927945831,0.0,75.0,4.836898927945831,10.1,10.1,low,2024-06-26,4.836898927945831,30.460704614389996
0.0,11.660289700031273,0.0,75.0,11.660289700031273,10.1,10.1,low,2024-06-27,11.660289700031273,22.976425796215747
0.0,3.831325561403176,0.0,75.0,3.831325561403176,10.1,10.1,low,2024-06-28,3.831325561403176,14.014981155994493
0.0,4.646119910455031,0.0,75.0,4.646119910455031,10.1,10.1,low,2024-06-29,4.646119910455031,23.697510981449152
0.0,3.7622798213916795,0.0,75.0,3.7622798213916795,10.1,10.1,low,2024-06-30,3.7622798213916795,25.52513042227414
0.0,11.16473474155948,0.0,75.0,11.16473474155948,10.1,10.1,low,2024-07-01,11.16473474155948,23.145830321983222
0.0,9.705371935645982,0.0,75.0,9.705371935645982,10.1,10.1,low,2024-07-02,9.705371935645982,24.218766851214834
0.0,4.3085496219290915,0.0,75.0,4.3085496219290915,10.1,10.1,low,2024-07-03,4.3085496219290915,22.427294494395895
0.0,6.652040912733441,0.0,75.0,6.652040912733441,10.1,10.1,low,2024-07-04,6.652040912733441,27.70368909726923
0.0,8.515377936134747,0.0,75.0,8.515377936134747,10.1,10.1,low,2024-07-05,8.515377936134747,25.150774317728
0.0,5.84748331405839,0.0,75.0,5.84748331405839,10.1,10.1,low,2024-07-06,5.84748331405839,27.831073506162326
0.0,5.679072419965185,0.0,75.0,5.679072419965185,10.1,10.1,low,2024-07-07,5.679072419965185,28.655360207219065
0.0,4.24500097916285,0.0,75.0,4.24500097916285,10.1,10.1,low,2024-07-08,4.24500097916285,18.473556837438423
0.0,3.704672166267182,0.0,75.0,3.704672166267182,10.1,10.1,low,2024-07-09,3.704672166267182,22.68829446354054
0.0,10.232976423196487,0.0,75.0,10.232976423196487,10.1,10.1,low,2024-07-10,10.232976423196487,23.12666199889944
0.0,10.323033285907265,0.0,75.0,10.323033285907265,10.1,10.1,low,2024-07-11,10.323033285907265,32.70731128937671
0.0,6.4048147203493295,0.0,75.0,6.4048147203493295,10.1,10.1,low,2024-07-12,6.4048147203493295,25.430211834476477
0.0,4.6320329036540695,0.0,75.0,4.6320329036540695,10.1,10.1,low,2024-07-13,4.6320329036540695,27.40643920207008
0.0,4.670680135407782,0.0,75.0,4.670680135407782,10.1,10.1,low,2024-07-14,4.670680135407782,19.307808218489022
0.0,7.256455338047482,0.0,75.0,7.256455338047482,10.1,10.1,low,2024-07-15,7.256455338047482,25.35622602400303
0.0,10.185433346888408,0.0,75.0,10.185433346888408,10.1,10.1,low,2024-07-16,10.185433346888408,27.833731685359986
0.0,9.895624687107416,0.0,75.0,9.895624687107416,10.1,10.1,low,2024-07-17,9.895624687107416,27.452606215082287
0.0,7.881005896860377,0.0,75.0,7.881005896860377,10.1,10.1,low,2024-07-18,7.881005896860377,26.70036217023416
0.0,6.409353935216045,0.0,75.0,6.409353935216045,10.1,10.1,low,2024-07-19,6.409353935216045,24.828223768942834
0.0,3.577213579639308,0.0,75.0,3.577213579639308,10.1,10.1,low,2024-07-20,3.577213579639308,24.928604141576088
0.0,3.827555718699168,0.0,75.0,3.827555718699168,10.1,10.1,low,2024-07-21,3.827555718699168,19.61440685055298
0.0,10.147521780756115,0.0,75.0,10.147521780756115,10.1,10.1,low,2024-07-22,10.147521780756115,21.938559603924094
0.0,6.063496553233721,0.0,75.0,6.063496553233721,10.1,10.1,low,2024-07-23,6.063496553233721,25.27460481860041
0.0,3.275950170637654,0.0,75.0,3.275950170637654,10.1,10.1,low,2024-07-24,3.275950170637654,22.371139324582344
0.0,10.976000492749822,0.0,75.0,10.976000492749822,10.1,10.1,low,2024-07-25,10.976000492749822,26.518572969560587
0.0,6.4772697902614,0.0,75.0,6.4772697902614,10.1,10.1,low,2024-07-26,6.4772697902614,25.781114905604035
0.0,3.2043519658514894,0.0,75.0,3.2043519658514894,10.1,10.1,low,2024-07-27,3.2043519658514894,28.407325713622665
0.0,3.693477121666697,0.0,75.0,3.693477121666697,10.1,10.1,low,2024-07-28,3.693477121666697,27.100185178640288
0.0,5.532085623025791,0.0,75.0,5.532085623025791,10.1,10.1,low,2024-07-29,5.532085623025791,24.823201378260016
0.0,6.653468426799174,0.0,75.0,6.653468426799174,10.1,10.1,low,2024-07-30,6.653468426799174,26.29716149661722
0.0,6.2634525209616925,0.0,75.0,6.2634525209616925,10.1,10.1,low,2024-07-31,6.2634525209616925,26.97616545246866
0.0,3.8336654383112427,0.0,75.0,3.8336654383112427,10.1,10.1,low,2024-08-01,3.8336654383112427,22.342048975172457
0.0,6.781845219586472,0.0,75.0,6.781845219586472,10.1,10.1,low,2024-08-02,6.781845219586472,22.7757613959315
0.0,3.8309396715132094,0.0,75.0,3.8309396715132094,10.1,10.1,low,2024-08-03,3.8309396715132094,23.368591339233014
0.0,4.1713537252438515,0.0,75.0,4.1713537252438515,10.1,10.1,low,2024-08-04,4.1713537252438515,22.123745402377217
0.0,7.0786161230443465,0.0,75.0,7.0786161230443465,10.1,10.1,low,2024-08-05,7.0786161230443465,26.484650196214087
0.0,6.078081811267731,0.0,75.0,6.078081811267731,10.1,10.1,low,2024-08-06,6.078081811267731,21.438928214410485
0.0,8.576976757192366,0.0,75.0,8.576976757192366,10.1,10.1,low,2024-08-07,8.576976757192366,26.95513747380251
0.0,6.0850368846872405,0.0,75.0,6.0850368846872405,10.1,10.1,low,2024-08-08,6.0850368846872405,21.97467518399868
0.0,5.357368108787458,0.0,75.0,5.357368108787458,10.1,10.1,low,2024-08-09,5.357368108787458,24.364321849266744
0.0,3.099103814198705,0.0,75.0,3.099103814198705,10.1,10.1,low,2024-08-10,3.099103814198705,23.31407799253607
0.0,4.145248093918114,0.0,75.0,4.145248093918114,10.1,10.1,low,2024-08-11,4.145248093918114,19.750796435420952
0.0,3.6596253477808975,0.0,75.0,3.6596253477808975,10.1,10.1,low,2024-08-12,3.6596253477808975,22.479213002807185
0.0,3.538580764634637,0.0,55.75221238938054,3.538580764634637,10.1,10.1,low,2024-08-13,3.538580764634637,23.396243575210438
0.0,13.499943707350045,0.0,55.75221238938054,13.499943707350045,10.1,10.1,low,2024-08-14,13.499943707350045,22.055192710357247
0.0,4.123924206233301,0.0,75.0,4.123924206233301,10.1,10.1,low,2024-08-15,4.123924206233301,18.06907951929532
0.0,9.265895505245995,0.0,75.0,9.265895505245995,10.1,10.1,low,2024-08-16,9.265895505245995,27.04703068731775
0.0,5.540934384888361,0.0,75.0,5.540934384888361,10.1,10.1,low,2024-08-17,5.540934384888361,22.047846274765927
0.0,7.260853038589395,0.0,75.0,7.260853038589395,10.1,10.1,low,2024-08-18,7.260853038589395,19.240352895015047
0.0,4.564385723890775,0.0,75.0,4.564385723890775,10.1,10.1,low,2024-08-19,4.564385723890775,26.320633262259964
0.0,5.008518287232239,0.0,75.0,5.008518287232239,10.1,10.1,low,2024-08-20,5.008518287232239,23.142171842141103
0.0,4.421182224127315,0.0,75.0,4.421182224127315,10.1,10.1,low,2024-08-21,4.421182224127315,17.51782017352411
0.0,2.995490842111975,0.0,75.0,2.995490842111975,10.1,10.1,low,2024-08-22,2.995490842111975,17.809879072097676
0.0,6.14598126516729,0.0,75.0,6.14598126516729,10.1,10.1,low,2024-08-23,6.14598126516729,20.0979695454759
0.0,3.2455959150670743,0.0,75.0,3.2455959150670743,10.1,10.1,low,2024-08-24,3.2455959150670743,21.47567508815714
0.0,2.286212449754759,0.0,55.75221238938054,2.286212449754759,10.1,10.1,low,2024-08-25,2.286212449754759,22.267617897696432
0.0,5.278112991037389,0.0,55.75221238938054,5.278112991037389,10.1,10.1,low,2024-08-26,5.278112991037389,23.062136580740944
0.0,2.7062087783676536,0.0,55.75221238938054,2.7062087783676536,10.1,10.1,low,2024-08-27,2.7062087783676536,21.63967518240343
0.0,10.53823032606052,0.0,55.75221238938054,10.53823032606052,10.1,10.1,low,2024-08-28,10.53823032606052,23.867583294059266
0.0,11.260626077534349,0.0,75.0,11.260626077534349,10.1,10.1,low,2024-08-29,11.260626077534349,20.011200177589863
0.0,9.37082552595692,0.0,75.0,9.37082552595692,10.1,10.1,low,2024-08-30,9.37082552595692,17.15252407750285
0.0,3.318928290027439,0.0,75.0,3.318928290027439,10.1,10.1,low,2024-08-31,3.318928290027439,19.219216390472994
0.0,1.9299957622481227,0.0,75.0,1.9299957622481227,10.1,10.1,low,2024-09-01,1.9299957622481227,18.817418967336465
0.0,9.740473852012029,0.0,75.0,9.740473852012029,10.1,10.1,low,2024-09-02,9.740473852012029,11.082132495399621
0.0,3.460814549879605,0.0,75.0,3.460814549879605,10.1,10.1,low,2024-09-03,3.460814549879605,16.92248344127789
0.0,11.936093368172129,0.0,75.0,11.936093368172129,10.1,10.1,low,2024-09-04,11.936093368172129,19.336450135004
0.0,11.62382765587181,0.0,75.0,11.62382765587181,10.1,10.1,low,2024-09-05,11.62382765587181,16.905959882474406
0.0,7.383337589711042,0.0,75.0,7.383337589711042,10.1,10.1,low,2024-09-06,7.383337589711042,16.022322636960002
0.0,2.6255767005689226,0.0,75.0,2.6255767005689226,10.1,10.1,low,2024-09-07,2.6255767005689226,20.475064452651488
0.0,2.985728284815825,0.0,75.0,2.985728284815825,10.1,10.1,low,2024-09-08,2.985728284815825,14.768989727360319
0.0,7.1881839990767595,0.0,75.0,7.1881839990767595,10.1,10.1,low,2024-09-09,7.1881839990767595,19.428958558042815
0.0,2.5641575098483003,0.0,75.0,2.5641575098483003,10.1,10.1,low,2024-09-10,2.5641575098483003,13.069159202743101
0.0,1.9241684487103679,0.0,75.0,1.9241684487103679,10.1,10.1,low,2024-09-11,1.9241684487103679,25.120886209805434
0.0,3.754112284934866,0.0,55.75221238938054,3.754112284934866,10.1,10.1,low,2024-09-12,3.754112284934866,15.960725184553652
0.0,9.512281389113873,0.0,55.75221238938054,9.512281389113873,10.1,10.1,low,2024-09-13,9.512281389113873,15.405209231655144
0.0,4.7760045465372105,0.0,75.0,4.7760045465372105,10.1,10.1,low,2024-09-14,4.7760045465372105,19.569537090904078
0.0,3.68063490789347,0.0,75.0,3.68063490789347,10.1,10.1,low,2024-09-15,3.68063490789347,14.647739627427654
0.0,1.3994123705079269,0.0,55.75221238938054,1.3994123705079269,10.1,10.1,low,2024-09-16,1.3994123705079269,20.03040290303647
0.0,3.90042600606281,0.0,55.75221238938054,3.90042600606281,10.1,10.1,low,2024-09-17,3.90042600606281,16.540487452406097
0.0,14.812341947849031,0.0,55.75221238938054,14.812341947849031,10.1,10.1,low,2024-09-18,14.812341947849031,14.828990988422314
0.0,1.376902726403217,0.0,75.0,1.376902726403217,10.1,10.1,low,2024-09-19,1.376902726403217,14.26610952325683
0.0,3.0588613606743196,0.0,75.0,3.0588613606743196,10.1,10.1,low,2024-09-20,3.0588613606743196,18.31938212532819
0.0,7.10617869663929,0.0,55.75221238938054,7.10617869663929,10.1,10.1,low,2024-09-21,7.10617869663929,15.14215393291287
0.0,4.803192800186586,0.0,75.0,4.803192800186586,10.1,10.1,low,2024-09-22,4.803192800186586,15.50038632156055
0.0,4.277827446382915,0.0,75.0,4.277827446382915,10.1,10.1,low,2024-09-23,4.277827446382915,15.577988008730992
0.0,4.274774831975604,0.0,55.75221238938054,4.274774831975604,10.1,10.1,low,2024-09-24,4.274774831975604,14.104141262882106
0.0,1.9165081559299615,0.0,55.75221238938054,1.9165081559299615,10.1,10.1,low,2024-09-25,1.9165081559299615,15.014201732509134
0.0,1.5646644717277658,0.0,55.75221238938054,1.5646644717277658,10.1,10.1,low,2024-09-26,1.5646644717277658,12.84784346355397
0.0,5.435894157235504,0.0,55.75221238938054,5.435894157235504,10.1,10.1,low,2024-09-27,5.435894157235504,12.80066745142392
0.0,5.389410223999063,0.0,55.75221238938054,5.389410223999063,10.1,10.1,low,2024-09-28,5.389410223999063,9.339154001803308
0.0,6.400810623760327,0.0,55.75221238938054,6.400810623760327,10.1,10.1,low,2024-09-29,6.400810623760327,13.33538594683295
0.0,7.622240410206364,0.0,55.75221238938054,7.622240410206364,10.1,10.1,low,2024-09-30,7.622240410206364,7.028364933661466
0.0,2.3780188216059472,0.0,55.75221238938054,2.3780188216059472,10.1,10.1,low,2024-10-01,2.3780188216059472,12.78189687362146
0.0,2.2595707529149087,0.0,55.75221238938054,2.2595707529149087,10.1,10.1,low,2024-10-02,2.2595707529149087,10.833037058330984
0.0,4.915095250429102,0.0,55.75221238938054,4.915095250429102,10.1,10.1,low,2024-10-03,4.915095250429102,12.541806575610922
0.0,3.20259725065904,0.0,55.75221238938054,3.20259725065904,10.1,10.1,low,2024-10-04,3.20259725065904,8.014312186256918
0.0,3.631651945534551,0.0,55.75221238938054,3.631651945534551,10.1,10.1,low,2024-10-05,3.631651945534551,4.545127056370969
0.0,4.765858424862614,0.0,55.75221238938054,4.765858424862614,10.1,10.1,low,2024-10-06,4.765858424862614,9.59273757414734
0.0,6.621970429040301,0.0,55.75221238938054,6.621970429040301,10.1,10.1,low,2024-10-07,6.621970429040301,7.2495385968357
0.0,1.2374472214129626,0.0,55.75221238938054,1.2374472214129626,10.1,10.1,low,2024-10-08,1.2374472214129626,4.787434903698883
0.0,1.412810366182669,0.0,55.75221238938054,1.412810366182669,10.1,10.1,low,2024-10-09,1.412810366182669,12.17484485575339
0.0,0.29608811756208164,0.0,55.75221238938054,0.29608811756208164,10.1,10.1,low,2024-10-10,0.29608811756208164,14.416438078019135
0.0,2.590242079828304,0.0,55.75221238938054,2.590242079828304,10.1,10.1,low,2024-10-11,2.590242079828304,6.963812197608394
0.0,0.10981231263257099,0.0,55.75221238938054,0.10981231263257099,10.1,10.1,low,2024-10-12,0.10981231263257099,8.869488357848747
0.0,1.879820844546329,0.0,55.75221238938054,1.879820844546329,10.1,10.1,low,2024-10-13,1.879820844546329,7.915845961458614
0.0,2.346883757061378,0.0,55.75221238938054,2.346883757061378,10.1,10.1,low,2024-10-14,2.346883757061378,6.605253486813401
0.0,1.0128919809435675,0.0,55.75221238938054,1.0128919809435675,10.1,10.1,low,2024-10-15,1.0128919809435675,10.316326534838648
0.0,2.680897590438526,0.0,55.75221238938054,2.680897590438526,10.1,10.1,low,2024-10-16,2.680897590438526,11.099201719497145
0.0,0.09292518630442363,0.0,55.75221238938054,0.09292518630442363,10.1,10.1,low,2024-10-17,0.09292518630442363,5.207190478405071
0.0,0.11419049784836816,0.0,55.75221238938054,0.11419049784836816,10.1,10.1,low,2024-10-18,0.11419049784836816,7.692195407206963
0.0,5.188054108614407,0.0,55.75221238938054,5.188054108614407,10.1,10.1,low,2024-10-19,5.188054108614407,11.15710031591825
0.0,1.3397550726232341,0.0,55.75221238938054,1.3397550726232341,10.1,10.1,low,2024-10-20,1.3397550726232341,9.117015262741273
0.0,0.407667123892284,0.0,55.75221238938054,0.407667123892284,10.1,10.1,low,2024-10-21,0.407667123892284,9.310278583604527
0.0,2.215960764837047,0.0,55.75221238938054,2.215960764837047,10.1,10.1,low,2024-10-22,2.215960764837047,10.649370868868063
0.0,4.408943821337205,0.0,55.75221238938054,4.408943821337205,10.1,10.1,low,2024-10-23,4.408943821337205,10.359202809905721
0.0,0.72935401028971,0.0,55.75221238938054,0.72935401028971,10.1,10.1,low,2024-10-24,0.72935401028971,9.130945499989089
0.0,2.9256588559694787,0.0,55.75221238938054,2.9256588559694787,10.1,10.1,low,2024-10-25,2.9256588559694787,6.231352116355302
0.0,0.26763308696969185,0.0,55.75221238938054,0.26763308696969185,10.1,10.1,low,2024-10-26,0.26763308696969185,4.401858658523373
0.0,0.15919528773092823,0.0,55.75221238938054,0.15919528773092823,10.1,10.1,low,2024-10-27,0.15919528773092823,5.613827681902156
0.0,2.2737268218765627,0.0,55.75221238938054,2.2737268218765627,10.1,10.1,low,2024-10-28,2.2737268218765627,3.455652708561942
0.0,0.0,0,55.75221238938054,0.0,10.1,10.1,low,2024-10-29,2.3337313280842267,-1.0416453090930462
2.3337313280842267,5.377343672698075,0.0,55.75221238938054,5.377343672698075,10.1,10.1,low,2024-10-30,3.0436123446138477,3.7357968416533676
0.0,3.8848816887500526,0.0,55.75221238938054,3.8848816887500526,10.1,10.1,low,2024-10-31,3.8848816887500526,5.406959253452191
0.0,11.170671026099978,0.0,55.75221238938054,11.170671026099978,10.1,10.1,low,2024-11-01,11.170671026099978,2.334337596854467
0.0,2.178873357691069,0.0,55.75221238938054,2.178873357691069,10.1,10.1,low,2024-11-02,2.178873357691069,3.28132125604986
0.0,1.1700591423179363,0.0,55.75221238938054,1.1700591423179363,10.1,10.1,low,2024-11-03,1.1700591423179363,3.162884752556494
0.0,4.756961939198058,0.0,55.75221238938054,4.756961939198058,10.1,10.1,low,2024-11-04,4.756961939198058,7.462788557399238
0.0,0.9475543963084119,0.0,55.75221238938054,0.9475543963084119,10.1,10.1,low,2024-11-05,0.9475543963084119,2.0830877752984085
0.0,1.733950293819904,0.0,55.75221238938054,1.733950293819904,10.1,10.1,low,2024-11-06,1.733950293819904,7.0025075314424035
0.0,0.0,0,72.4778761061947,0.0,10.1,10.1,low,2024-11-07,0.2451155057510097,-5.431562082174275
0.2451155057510097,0.32214833437543283,0.0,55.75221238938054,0.32214833437543283,10.1,10.1,low,2024-11-08,0.07703282862442314,6.524940142300476
0.0,9.862139769805806,0.0,55.75221238938054,9.862139769805806,10.1,10.1,low,2024-11-09,9.862139769805806,6.151282479350083
0.0,5.423302926345188,0.0,55.75221238938054,5.423302926345188,10.1,10.1,low,2024-11-10,5.423302926345188,4.745813297738578
0.0,0.0,0,55.75221238938054,0.0,10.1,10.1,low,2024-11-11,3.571928198398025,-4.214360587721076
3.571928198398025,5.149507131793451,0.0,55.75221238938054,5.149507131793451,10.1,10.1,low,2024-11-12,1.5775789333954258,4.6628220495148
1.1956202209105136,3.159082039756743,0.0,55.75221238938054,3.159082039756743,10.1,10.1,low,2024-11-13,3.159082039756743,1.2430584544093832
0.0,0.0,0,72.4778761061947,0.0,10.1,10.1,low,2024-11-14,0.5103622247185624,-6.404791104161081
0.5103622247185624,1.3743801920983132,0.0,55.75221238938054,1.3743801920983132,10.1,10.1,low,2024-11-15,0.8640179673797508,4.870172175130248
0.0,2.3903719449399436,0.0,55.75221238938054,2.3903719449399436,10.1,10.1,low,2024-11-16,2.3903719449399436,5.103250236196988
0.0,0.0,0,72.4778761061947,0.0,10.1,10.1,low,2024-11-17,3.7615478633303274,-5.144978434533032
4.029491373083481,5.479289407181084,0.0,55.75221238938054,5.479289407181084,10.1,10.1,low,2024-11-18,3.238171049090395,0.8954425273518846
1.5204295052396386,2.5056662894066264,0.0,55.75221238938054,2.5056662894066264,10.1,10.1,low,2024-11-19,0.9852367841669878,4.338428006196272
0.0,9.29431049566892,0.0,55.75221238938054,9.29431049566892,10.1,10.1,low,2024-11-20,9.29431049566892,3.6695259771684396
0.0,16.319033648512544,0.0,55.75221238938054,16.319033648512544,10.1,10.1,low,2024-11-21,16.319033648512544,2.29658201132333
0.0,0.0,0,97.5,0.0,10.1,10.1,low,2024-11-22,2.424691445793994,-8.340977042997181
2.98539308979122,5.262782861906299,0.0,55.75221238938054,5.262782861906299,10.1,10.1,low,2024-11-23,2.838091416112305,1.604874148299782
0.0,0.0,0,55.75221238938054,0.0,10.1,10.1,low,2024-11-24,1.6321135965961542,-1.4194654002612506
1.6321135965961542,2.4860974734183445,0.0,55.75221238938054,2.4860974734183445,10.1,10.1,low,2024-11-25,0.8539838768221906,2.044209274858168
0.0,0.0,0,55.75221238938054,0.0,10.1,10.1,low,2024-11-26,1.3200423879693373,-0.3498457874274624
0.0,0.0,0,55.75221238938054,0.0,10.1,10.1,low,2024-11-27,4.254545543270139,-1.3496472438467193
2.0897206036630465,2.099819582298418,0.0,55.75221238938054,2.099819582298418,10.1,10.1,low,2024-11-28,0.04349423916241283,0.46438235636956593
0.0,0.0,0,55.75221238938054,0.0,10.1,10.1,low,2024-11-29,0.37014117671992813,-2.1390007337208816
0.0,0.0,0,55.75221238938054,0.0,10.1,10.1,low,2024-11-30,0.14128313085756158,-1.857579665856542
0.0,0.0,0,55.75221238938054,0.0,10.1,10.1,low,2024-12-01,0.12474435575187728,-3.608414954125516
0.0,0.0,0,72.4778761061947,0.0,10.1,10.1,low,2024-12-02,5.802609100846976,-6.913426168367857
0.0,0.0,0,55.75221238938054,0.0,10.1,10.1,low,2024-12-03,3.648721835102065,-0.5445103503749222
0.0,0.0,0,55.75221238938054,0.0,10.1,10.1,low,2024-12-04,1.928353783238677,-4.8134039398703505
0.0,0.0,0,55.75221238938054,0.0,10.1,10.1,low,2024-12-05,0.3088707553434398,-3.14125778940175
0.0,0.0,0,55.75221238938054,0.0,10.1,10.1,low,2024-12-06,2.0295538973916996,-1.8178139849341495
0.0,0.0,0,72.4778761061947,0.0,10.1,10.1,low,2024-12-07,1.9243509962831136,-9.07048547694372
0.0,0.0,0,72.4778761061947,0.0,10.1,10.1,low,2024-12-08,0.5705841384006749,-8.531178631779142
0.0,0.0,0,55.75221238938054,0.0,10.1,10.1,low,2024-12-09,1.7066973939069716,-3.974810510467434
0.0,0.0,0,55.75221238938054,0.0,10.1,10.1,low,2024-12-10,1.5250098437496207,-1.8364926127040675
0.0,0.0,0,55.75221238938054,0.0,10.1,10.1,low,2024-12-11,2.8701672987394033,-1.0887450274949115
0.0,0.0,0,72.4778761061947,0.0,10.1,10.1,low,2024-12-12,3.024343608122736,-8.211532848651355
0.0,0.0,0,55.75221238938054,0.0,10.1,10.1,low,2024-12-13,0.1390869720616042,-1.640442581631817
0.0,0.0,0,55.75221238938054,0.0,10.1,10.1,low,2024-12-14,1.4081520139651846,-4.394278306362253
0.0,0.0,0,72.4778761061947,0.0,10.1,10.1,low,2024-12-15,2.949374984348186,-6.413226126180332
0.0,0.0,0,72.4778761061947,0.0,10.1,10.1,low,2024-12-16,2.098318357823369,-5.810016401074512
0.0,0.0,0,55.75221238938054,0.0,10.1,10.1,low,2024-12-17,5.824048359526316,-1.5552869694491904
0.0,0.0,0,55.75221238938054,0.0,10.1,10.1,low,2024-12-18,3.224924292164993,-3.2312028391747587
0.0,0.0,0,55.75221238938054,0.0,10.1,10.1,low,2024-12-19,0.533558606301922,-3.990497582590348
0.0,0.0,0,55.75221238938054,0.0,10.1,10.1,low,2024-12-20,0.21954730876872253,-3.494936483758875
0.0,0.0,0,55.75221238938054,0.0,10.1,10.1,low,2024-12-21,3.0851824413266735,-1.5209216196081012
0.0,0.0,0,55.75221238938054,0.0,10.1,10.1,low,2024-12-22,0.08060721800218329,-4.6720659570194165
0.0,0.0,0,55.75221238938054,0.0,10.1,10.1,low,2024-12-23,2.644042133421872,-4.28910156909952
0.0,0.0,0,55.75221238938054,0.0,10.1,10.1,low,2024-12-24,8.451766366161456,-1.1045545249475448
0.0,0.0,0,72.4778761061947,0.0,10.1,10.1,low,2024-12-25,2.5703473367326333,-5.576532822225393
0.0,0.0,0,55.75221238938054,0.0,10.1,10.1,low,2024-12-26,1.4739020766717217,-2.785736473643478
0.0,0.0,0,72.4778761061947,0.0,10.1,10.1,low,2024-12-27,3.0924814735349457,-6.205318816701776
0.0,0.0,0,72.4778761061947,0.0,10.1,10.1,low,2024-12-28,1.8388679221532738,-5.991500303935087
0.0,0.0,0,72.4778761061947,0.0,10.1,10.1,low,2024-12-29,2.3664430817289603,-5.1013715198563645
0.0,0.0,0,55.75221238938054,0.0,10.1,10.1,low,2024-12-30,44.690699911981184,-3.284345294524809
